{"cameraMode":{"drawMode":0,"name":"Shaded","section":"Shading Mode"},"sceneLighting":false,"audioPlay":false,"sceneViewState":{"showFog":true,"showMaterialUpdate":false,"showSkybox":false,"showFlares":true,"showImageEffects":true,"showParticleSystems":true},"in2DMode":false,"pivot":{"x":-4.022947311401367,"y":-4.78763484954834,"z":13.754205703735352},"rotation":{"x":-0.11371928453445435,"y":-0.37813085317611697,"z":0.046865079551935199,"w":-0.917547345161438},"size":18.93085479736328,"orthographic":false}