{"cameraMode":{"drawMode":0,"name":"Shaded","section":"Shading Mode"},"sceneLighting":false,"audioPlay":false,"sceneViewState":{"showFog":true,"showMaterialUpdate":false,"showSkybox":false,"showFlares":true,"showImageEffects":true,"showParticleSystems":true},"in2DMode":false,"pivot":{"x":-4.719951629638672,"y":7.209999084472656,"z":-22.81418800354004},"rotation":{"x":-0.1414741426706314,"y":-0.3240377902984619,"z":0.04907635226845741,"w":-0.9341195821762085},"size":5.1901021003723148,"orthographic":false}