{"cameraMode":{"drawMode":0,"name":"Shaded","section":"Shading Mode"},"sceneLighting":true,"audioPlay":false,"sceneViewState":{"showFog":true,"showMaterialUpdate":false,"showSkybox":true,"showFlares":true,"showImageEffects":true,"showParticleSystems":true},"in2DMode":false,"pivot":{"x":-5.570001602172852,"y":-3.4994866847991945,"z":-1.984781265258789},"rotation":{"x":0.04005950689315796,"y":0.8878994584083557,"z":-0.07878493517637253,"w":0.45146700739860537},"size":8.518332481384278,"orthographic":false}